timestamp,temperature_c,humidity_percent,ldr_adc,vout_volt,ldr_resistance_ohm,lux_estimate
2026-09-25 16:53:44,29.7,61.0,56,0.2737,172678.57,2.9
2026-09-25 16:53:46,29.1,61.0,55,0.2688,176000.0,2.84
2026-09-25 16:53:48,29.1,61.0,55,0.2688,176000.0,2.84
2026-09-25 16:53:50,29.3,61.0,56,0.2737,172678.57,2.9
2026-09-25 16:53:52,29.9,61.0,56,0.2737,172678.57,2.9
2026-09-25 16:53:54,29.9,61.0,56,0.2737,172678.57,2.9
2026-09-25 16:53:56,29.4,61.0,56,0.2737,172678.57,2.9
2026-09-25 16:53:58,29.0,61.0,56,0.2737,172678.57,2.9
2026-09-25 16:54:00,29.0,61.0,56,0.2737,172678.57,2.9
2026-09-25 16:54:02,29.5,61.0,56,0.2737,172678.57,2.9
2026-09-25 16:54:04,29.8,61.0,56,0.2737,172678.57,2.9
2026-09-25 16:54:06,29.2,61.0,55,0.2688,176000.0,2.84
2026-09-25 16:54:08,29.8,61.0,56,0.2737,172678.57,2.9
2026-09-25 16:54:10,29.6,61.0,56,0.2737,172678.57,2.9
2026-09-25 16:54:12,29.3,61.0,56,0.2737,172678.57,2.9
2026-09-25 16:54:14,29.8,61.0,56,0.2737,172678.57,2.9
2026-09-25 16:54:16,29.4,61.0,56,0.2737,172678.57,2.9
2026-09-25 16:54:18,29.6,61.0,56,0.2737,172678.57,2.9
2026-09-25 16:54:20,29.2,61.0,56,0.2737,172678.57,2.9
2026-09-25 16:54:22,29.9,61.0,55,0.2688,176000.0,2.84
2026-09-25 16:54:24,29.1,61.0,56,0.2737,172678.57,2.9
2026-09-25 16:54:26,29.9,61.0,56,0.2737,172678.57,2.9
2026-09-25 16:54:28,29.8,61.0,56,0.2737,172678.57,2.9
2026-09-25 16:54:30,29.1,61.0,56,0.2737,172678.57,2.9
2026-09-25 16:54:32,29.0,61.0,56,0.2737,172678.57,2.9
2026-09-25 16:54:34,29.5,61.0,56,0.2737,172678.57,2.9
2026-09-25 16:54:37,29.9,61.0,56,0.2737,172678.57,2.9
2026-09-25 16:54:39,29.2,61.0,56,0.2737,172678.57,2.9
2026-09-25 16:54:41,29.1,61.0,56,0.2737,172678.57,2.9
2026-09-25 16:54:43,29.8,61.0,55,0.2688,176000.0,2.84
2026-09-25 16:54:45,29.5,61.0,55,0.2688,176000.0,2.84
2026-09-25 16:54:47,29.4,61.0,56,0.2737,172678.57,2.9
2026-09-25 16:54:49,29.6,61.0,56,0.2737,172678.57,2.9
2026-09-25 16:54:51,29.5,61.0,56,0.2737,172678.57,2.9
2026-09-25 16:54:53,29.8,61.0,56,0.2737,172678.57,2.9
2026-09-25 16:54:55,29.1,61.0,51,0.2493,190588.24,2.62
2026-09-25 16:54:57,29.9,61.0,51,0.2493,190588.24,2.62
2026-09-25 16:54:59,29.2,61.0,50,0.2444,194600.0,2.57
2026-09-25 16:55:01,29.9,61.0,51,0.2493,190588.24,2.62
2026-09-25 16:55:03,29.0,61.0,51,0.2493,190588.24,2.62
2026-09-25 16:55:05,29.7,61.0,51,0.2493,190588.24,2.62
2026-09-25 16:55:07,29.0,61.0,51,0.2493,190588.24,2.62
2026-09-25 16:55:09,29.2,61.0,51,0.2493,190588.24,2.62
2026-09-25 16:55:11,29.0,61.0,51,0.2493,190588.24,2.62
2026-09-25 16:55:13,29.9,61.0,56,0.2737,172678.57,2.9
2026-09-25 16:55:15,29.8,61.0,56,0.2737,172678.57,2.9
2026-09-25 16:55:17,29.2,61.0,55,0.2688,176000.0,2.84
2026-09-25 16:55:19,29.9,61.0,51,0.2493,190588.24,2.62
2026-09-25 16:55:21,29.0,61.0,51,0.2493,190588.24,2.62
2026-09-25 16:55:23,29.4,61.0,50,0.2444,194600.0,2.57
2026-09-25 16:55:25,29.7,61.0,51,0.2493,190588.24,2.62
2026-09-25 16:55:27,29.1,61.0,51,0.2493,190588.24,2.62
2026-09-25 16:55:29,29.5,61.0,51,0.2493,190588.24,2.62
2026-09-25 16:55:31,29.0,61.0,51,0.2493,190588.24,2.62
2026-09-25 16:55:34,29.5,61.0,55,0.2688,176000.0,2.84
2026-09-25 16:55:36,29.0,61.0,55,0.2688,176000.0,2.84
2026-09-25 16:55:38,29.7,61.0,56,0.2737,172678.57,2.9
2026-09-25 16:55:40,29.2,61.0,55,0.2688,176000.0,2.84
2026-09-25 16:55:42,29.9,61.0,56,0.2737,172678.57,2.9
2026-09-25 16:55:44,29.9,61.0,56,0.2737,172678.57,2.9
2026-09-25 16:55:46,29.9,61.0,51,0.2493,190588.24,2.62
2026-09-25 16:55:48,29.9,61.0,56,0.2737,172678.57,2.9
2026-09-25 16:55:50,29.3,61.0,55,0.2688,176000.0,2.84
2026-09-25 16:55:52,29.6,61.0,56,0.2737,172678.57,2.9
2026-09-25 16:55:54,29.9,61.0,55,0.2688,176000.0,2.84
2026-09-25 16:55:56,29.8,61.0,55,0.2688,176000.0,2.84
2026-09-25 16:55:58,29.7,61.0,55,0.2688,176000.0,2.84
2026-09-25 16:56:00,29.2,61.0,55,0.2688,176000.0,2.84
2026-09-25 16:56:02,29.9,61.0,56,0.2737,172678.57,2.9
2026-09-25 16:56:04,29.5,61.0,55,0.2688,176000.0,2.84
2026-09-25 16:56:06,29.0,61.0,56,0.2737,172678.57,2.9
2026-09-25 16:56:08,29.3,61.0,55,0.2688,176000.0,2.84
2026-09-25 16:56:10,29.6,61.0,56,0.2737,172678.57,2.9
2026-09-25 16:56:12,29.3,61.0,56,0.2737,172678.57,2.9
2026-09-25 16:56:14,29.1,61.0,55,0.2688,176000.0,2.84
2026-09-25 16:56:16,29.1,61.0,56,0.2737,172678.57,2.9
2026-09-25 16:56:18,29.6,61.0,56,0.2737,172678.57,2.9
2026-09-25 16:56:20,29.2,61.0,56,0.2737,172678.57,2.9
2026-09-25 16:56:22,29.5,61.0,55,0.2688,176000.0,2.84
2026-09-25 16:56:24,29.2,61.0,56,0.2737,172678.57,2.9
2026-09-25 16:56:26,29.9,61.0,56,0.2737,172678.57,2.9
2026-09-25 16:56:28,29.1,61.0,55,0.2688,176000.0,2.84
2026-09-25 16:56:31,29.0,61.0,51,0.2493,190588.24,2.62
2026-09-25 16:56:33,29.4,61.0,51,0.2493,190588.24,2.62
2026-09-25 16:56:35,29.1,61.0,52,0.2542,186730.77,2.68
2026-09-25 16:56:37,29.8,61.0,54,0.2639,179444.44,2.79
2026-09-25 16:56:39,29.7,62.0,54,0.2639,179444.44,2.79
2026-09-25 16:56:41,29.8,62.0,55,0.2688,176000.0,2.84
2026-09-25 16:56:43,29.2,62.0,56,0.2737,172678.57,2.9
2026-09-25 16:56:45,29.2,62.0,56,0.2737,172678.57,2.9
2026-09-25 16:56:47,29.8,62.0,55,0.2688,176000.0,2.84
2026-09-25 16:56:49,29.9,62.0,55,0.2688,176000.0,2.84
2026-09-25 16:56:51,29.4,61.0,54,0.2639,179444.44,2.79
2026-09-25 16:56:53,29.2,61.0,55,0.2688,176000.0,2.84
2026-09-25 16:56:55,29.3,62.0,54,0.2639,179444.44,2.79
2026-09-25 16:56:57,29.7,62.0,53,0.259,183018.87,2.73
2026-09-25 16:56:59,29.1,62.0,54,0.2639,179444.44,2.79
2026-09-25 16:57:01,29.4,62.0,51,0.2493,190588.24,2.62
2026-09-25 16:57:03,29.8,62.0,52,0.2542,186730.77,2.68
2026-09-25 16:57:05,29.2,62.0,56,0.2737,172678.57,2.9
2026-09-25 16:57:07,29.9,62.0,55,0.2688,176000.0,2.84
2026-10-01 15:21:32,29.2,76.0,26,0.1271,383461.54,1.3
2026-10-01 15:21:34,29.0,76.0,25,0.1222,399200.0,1.25
2026-10-01 15:21:36,29.2,76.0,27,0.132,368888.89,1.36
2026-10-01 15:21:38,29.8,76.0,28,0.1369,355357.14,1.41
2026-10-01 15:21:40,28.7,76.0,28,0.1369,355357.14,1.41
2026-10-01 15:21:42,28.2,76.0,28,0.1369,355357.14,1.41
2026-10-01 15:21:44,28.3,76.0,26,0.1271,383461.54,1.3
2026-10-01 15:21:46,29.9,76.0,26,0.1271,383461.54,1.3
2026-10-01 15:21:48,29.5,76.0,28,0.1369,355357.14,1.41
2026-10-01 15:21:50,29.0,76.0,28,0.1369,355357.14,1.41
2026-10-01 15:21:52,29.0,76.0,28,0.1369,355357.14,1.41
2026-10-01 15:21:54,29.7,76.0,26,0.1271,383461.54,1.3
2026-10-01 15:21:56,29.8,76.0,26,0.1271,383461.54,1.3
2026-10-01 15:21:58,29.7,76.0,28,0.1369,355357.14,1.41
2026-10-01 15:22:00,29.2,76.0,29,0.1417,342758.62,1.46
2026-10-01 15:22:02,29.3,76.0,28,0.1369,355357.14,1.41
2026-10-01 15:22:04,29.7,76.0,26,0.1271,383461.54,1.3
2026-10-01 15:22:06,29.3,76.0,27,0.132,368888.89,1.36
2026-10-01 15:22:08,29.3,76.0,28,0.1369,355357.14,1.41
2026-10-01 15:22:10,29.9,76.0,28,0.1369,355357.14,1.41
2026-10-01 15:22:12,29.4,76.0,27,0.132,368888.89,1.36
2026-10-01 15:22:14,29.0,76.0,26,0.1271,383461.54,1.3
2026-10-01 15:22:16,29.8,76.0,27,0.132,368888.89,1.36
2026-10-01 15:22:18,29.2,76.0,36,0.176,274166.67,1.82
2026-10-01 15:22:20,29.9,76.0,141,0.6891,62553.19,7.99
2026-10-01 15:22:23,29.5,76.0,171,0.8358,49824.56,10.04
2026-10-01 15:22:25,29.4,76.0,182,0.8895,46208.79,10.82
2026-10-01 15:22:27,29.1,76.0,171,0.8358,49824.56,10.04
2026-10-01 15:22:29,29.1,76.0,36,0.176,274166.67,1.82
2026-10-01 15:22:31,29.1,76.0,41,0.2004,239512.2,2.09
2026-10-01 15:22:33,29.1,76.0,40,0.1955,245750.0,2.03
2026-10-01 15:22:35,29.0,76.0,28,0.1369,355357.14,1.41
2026-10-01 15:22:37,29.7,76.0,26,0.1271,383461.54,1.3
2026-10-01 15:22:39,29.9,76.0,28,0.1369,355357.14,1.41
2026-10-01 15:22:41,29.6,76.0,28,0.1369,355357.14,1.41
2026-10-01 15:22:43,29.6,76.0,27,0.132,368888.89,1.36
2026-10-01 15:22:45,29.2,76.0,25,0.1222,399200.0,1.25
2026-10-01 15:22:47,29.4,76.0,26,0.1271,383461.54,1.3
2026-10-01 15:22:49,29.5,76.0,27,0.132,368888.89,1.36
2026-10-01 15:22:51,29.6,76.0,27,0.132,368888.89,1.36
2026-10-01 15:22:53,29.8,76.0,26,0.1271,383461.54,1.3
2026-10-01 15:22:55,29.6,76.0,27,0.132,368888.89,1.36
2026-10-01 15:22:57,29.6,76.0,28,0.1369,355357.14,1.41
2026-10-01 15:22:59,29.9,76.0,27,0.132,368888.89,1.36
2026-10-01 15:23:01,29.5,76.0,25,0.1222,399200.0,1.25
2026-10-01 15:23:03,29.3,76.0,26,0.1271,383461.54,1.3
2026-10-01 15:23:05,29.0,76.0,27,0.132,368888.89,1.36
2026-10-01 15:23:07,29.1,76.0,27,0.132,368888.89,1.36
2026-10-01 15:23:09,29.0,76.0,25,0.1222,399200.0,1.25
2026-10-01 15:23:11,29.0,76.0,26,0.1271,383461.54,1.3
2026-10-01 15:23:13,29.2,76.0,27,0.132,368888.89,1.36
2026-10-01 15:23:15,29.9,76.0,27,0.132,368888.89,1.36
2026-10-01 15:23:17,29.4,76.0,26,0.1271,383461.54,1.3
2026-10-01 15:23:20,29.6,76.0,25,0.1222,399200.0,1.25
2026-10-01 15:23:22,29.3,76.0,26,0.1271,383461.54,1.3
2026-10-01 15:23:24,29.9,76.0,27,0.132,368888.89,1.36
2026-10-01 15:23:26,29.0,76.0,26,0.1271,383461.54,1.3
2026-10-01 15:23:28,29.2,76.0,25,0.1222,399200.0,1.25
2026-10-01 15:23:30,29.6,76.0,26,0.1271,383461.54,1.3
2026-10-01 15:23:32,29.0,76.0,27,0.132,368888.89,1.36
2026-10-01 15:23:34,29.0,76.0,27,0.132,368888.89,1.36
2026-10-01 15:23:36,29.0,76.0,26,0.1271,383461.54,1.3
2026-10-01 15:23:38,29.6,76.0,25,0.1222,399200.0,1.25
2026-10-01 15:23:40,29.3,76.0,26,0.1271,383461.54,1.3
2026-10-01 15:23:42,29.9,76.0,27,0.132,368888.89,1.36
2026-10-01 15:23:44,29.9,76.0,26,0.1271,383461.54,1.3
2026-10-01 15:23:46,29.0,76.0,25,0.1222,399200.0,1.25
2026-10-01 15:23:48,29.1,76.0,26,0.1271,383461.54,1.3
2026-10-01 15:23:50,29.9,76.0,27,0.132,368888.89,1.36
2026-10-01 15:23:52,28.2,76.0,26,0.1271,383461.54,1.3
2026-10-01 15:23:54,29.0,76.0,25,0.1222,399200.0,1.25
2026-10-01 15:23:56,29.2,76.0,27,0.132,368888.89,1.36
2026-10-01 15:23:58,28.5,76.0,28,0.1369,355357.14,1.41
2026-10-01 15:24:00,28.7,76.0,27,0.132,368888.89,1.36
2026-10-01 15:24:02,28.1,76.0,25,0.1222,399200.0,1.25
2026-10-01 15:24:04,28.2,76.0,26,0.1271,383461.54,1.3
2026-10-01 15:24:06,28.9,76.0,27,0.132,368888.89,1.36
2026-10-01 15:24:08,28.6,76.0,27,0.132,368888.89,1.36
2026-10-01 15:24:10,28.1,76.0,25,0.1222,399200.0,1.25
2026-10-01 15:24:12,28.4,76.0,26,0.1271,383461.54,1.3
2026-10-01 15:24:14,28.1,76.0,27,0.132,368888.89,1.36
2026-10-01 15:24:17,28.4,76.0,26,0.1271,383461.54,1.3
2026-10-01 15:24:19,28.1,76.0,26,0.1271,383461.54,1.3
2026-10-01 15:24:21,28.4,76.0,26,0.1271,383461.54,1.3
2026-10-01 15:24:23,28.6,76.0,27,0.132,368888.89,1.36
2026-10-01 15:24:25,28.3,76.0,25,0.1222,399200.0,1.25
2026-10-01 15:24:27,28.9,76.0,25,0.1222,399200.0,1.25
2026-10-01 15:24:29,28.5,76.0,26,0.1271,383461.54,1.3
2026-10-01 15:24:31,28.1,76.0,27,0.132,368888.89,1.36
2026-10-01 15:24:33,28.3,76.0,25,0.1222,399200.0,1.25
2026-10-01 15:24:35,28.0,76.0,26,0.1271,383461.54,1.3
2026-10-01 15:24:37,28.7,76.0,27,0.132,368888.89,1.36
2026-10-01 15:24:39,28.9,76.0,26,0.1271,383461.54,1.3
2026-10-01 15:24:41,28.5,76.0,25,0.1222,399200.0,1.25
2026-10-01 15:24:43,28.7,76.0,26,0.1271,383461.54,1.3
2026-10-01 15:24:45,28.1,76.0,28,0.1369,355357.14,1.41
2026-10-01 15:24:47,28.8,76.0,27,0.132,368888.89,1.36
2026-10-01 15:24:49,28.6,76.0,25,0.1222,399200.0,1.25
2026-10-01 15:24:51,28.9,76.0,26,0.1271,383461.54,1.3
2026-10-01 15:24:53,28.8,76.0,28,0.1369,355357.14,1.41
2026-10-01 15:24:55,28.7,76.0,27,0.132,368888.89,1.36
2026-10-01 15:24:57,28.0,76.0,25,0.1222,399200.0,1.25
2026-10-01 15:24:59,28.6,76.0,27,0.132,368888.89,1.36
2026-10-01 15:25:01,28.4,76.0,27,0.132,368888.89,1.36
2026-10-01 15:25:03,28.5,76.0,26,0.1271,383461.54,1.3
2026-10-01 15:25:05,28.6,76.0,26,0.1271,383461.54,1.3
2026-10-01 15:25:07,28.4,76.0,27,0.132,368888.89,1.36
2026-10-01 15:25:09,28.2,76.0,27,0.132,368888.89,1.36
2026-10-01 15:25:11,28.9,76.0,25,0.1222,399200.0,1.25
2026-10-01 15:25:14,28.5,76.0,27,0.132,368888.89,1.36
2026-10-01 15:25:16,28.1,76.0,27,0.132,368888.89,1.36
2026-10-01 15:25:18,28.3,76.0,27,0.132,368888.89,1.36
2026-10-01 15:25:20,28.0,76.0,25,0.1222,399200.0,1.25
2026-10-01 15:25:22,28.7,76.0,26,0.1271,383461.54,1.3
2026-10-01 15:25:24,28.8,76.0,28,0.1369,355357.14,1.41
2026-10-01 15:25:26,28.8,76.0,28,0.1369,355357.14,1.41
2026-10-01 15:25:28,28.1,76.0,27,0.132,368888.89,1.36
2026-10-01 15:25:30,28.4,76.0,26,0.1271,383461.54,1.3
2026-10-01 15:25:32,28.1,76.0,27,0.132,368888.89,1.36
2026-10-01 15:25:34,28.8,76.0,28,0.1369,355357.14,1.41
2026-10-01 15:25:36,28.7,76.0,28,0.1369,355357.14,1.41
2026-10-01 15:25:38,28.5,76.0,26,0.1271,383461.54,1.3
2026-10-01 15:25:40,28.2,76.0,26,0.1271,383461.54,1.3
2026-10-01 15:25:42,28.9,76.0,27,0.132,368888.89,1.36
2026-10-01 15:25:44,28.9,76.0,28,0.1369,355357.14,1.41
2026-10-01 15:25:46,28.9,76.0,27,0.132,368888.89,1.36
2026-10-01 15:25:48,28.2,76.0,25,0.1222,399200.0,1.25
2026-10-01 15:25:50,28.4,76.0,26,0.1271,383461.54,1.3
2026-10-01 15:25:52,28.6,76.0,28,0.1369,355357.14,1.41
2026-10-01 15:25:54,28.3,76.0,28,0.1369,355357.14,1.41
2026-10-01 15:25:56,28.9,76.0,27,0.132,368888.89,1.36
2026-10-01 15:25:58,28.4,76.0,25,0.1222,399200.0,1.25
2026-10-01 15:26:00,28.6,76.0,28,0.1369,355357.14,1.41
2026-10-01 15:26:02,28.7,76.0,28,0.1369,355357.14,1.41
2026-10-01 15:26:04,28.1,76.0,28,0.1369,355357.14,1.41
2026-10-01 15:26:06,28.2,76.0,26,0.1271,383461.54,1.3
2026-10-01 15:26:09,28.3,76.0,26,0.1271,383461.54,1.3
2026-10-01 15:26:11,28.1,76.0,27,0.132,368888.89,1.36
2026-10-01 15:26:13,28.2,76.0,27,0.132,368888.89,1.36
2026-10-01 15:26:15,28.3,76.0,26,0.1271,383461.54,1.3
2026-10-01 15:26:17,28.1,76.0,27,0.132,368888.89,1.36
2026-10-01 15:26:19,28.9,76.0,28,0.1369,355357.14,1.41
2026-10-01 15:26:21,28.9,76.0,24,0.1173,416250.0,1.2
2026-10-01 15:26:23,29.2,78.0,23,0.1124,434782.61,1.15
2026-10-01 15:26:25,30.1,79.0,23,0.1124,434782.61,1.15
2026-10-01 15:26:27,30.8,81.0,24,0.1173,416250.0,1.2
2026-10-01 15:26:29,31.1,82.0,24,0.1173,416250.0,1.2
2026-10-01 15:26:31,31.1,84.0,28,0.1369,355357.14,1.41
2026-10-01 15:26:33,31.3,85.0,26,0.1271,383461.54,1.3
2026-10-01 15:26:35,31.5,85.0,27,0.132,368888.89,1.36
2026-10-01 15:26:37,31.0,85.0,29,0.1417,342758.62,1.46
2026-10-01 15:26:39,31.8,85.0,27,0.132,368888.89,1.36
2026-10-01 15:26:41,31.5,85.0,26,0.1271,383461.54,1.3
2026-10-01 15:26:43,31.8,85.0,27,0.132,368888.89,1.36
2026-10-01 15:26:45,30.7,85.0,29,0.1417,342758.62,1.46
2026-10-01 15:26:47,30.0,84.0,27,0.132,368888.89,1.36
2026-10-01 15:26:49,30.6,84.0,26,0.1271,383461.54,1.3
2026-10-01 15:26:51,30.9,84.0,28,0.1369,355357.14,1.41
2026-10-01 15:26:53,30.6,84.0,28,0.1369,355357.14,1.41
2026-10-01 15:26:55,30.0,83.0,27,0.132,368888.89,1.36
2026-10-01 15:26:57,30.5,83.0,26,0.1271,383461.54,1.3
2026-10-01 15:26:59,30.3,83.0,28,0.1369,355357.14,1.41
2026-10-01 15:27:01,30.9,83.0,28,0.1369,355357.14,1.41
2026-10-01 15:27:03,29.5,83.0,26,0.1271,383461.54,1.3
2026-10-01 15:27:06,29.3,83.0,26,0.1271,383461.54,1.3
2026-10-01 15:27:08,29.1,83.0,28,0.1369,355357.14,1.41
2026-10-01 15:27:10,29.2,83.0,28,0.1369,355357.14,1.41
2026-10-01 15:27:12,29.7,83.0,26,0.1271,383461.54,1.3
2026-10-01 15:27:14,29.0,82.0,26,0.1271,383461.54,1.3
2026-10-01 15:27:16,29.0,82.0,28,0.1369,355357.14,1.41
2026-10-01 15:27:18,29.1,82.0,28,0.1369,355357.14,1.41
2026-10-01 15:27:20,29.8,82.0,26,0.1271,383461.54,1.3
2026-10-01 15:27:22,29.0,82.0,26,0.1271,383461.54,1.3
2026-10-01 15:27:24,29.9,81.0,28,0.1369,355357.14,1.41
2026-10-01 15:27:26,29.4,81.0,28,0.1369,355357.14,1.41
2026-10-01 15:27:28,29.8,81.0,27,0.132,368888.89,1.36
2026-10-01 15:27:30,29.9,81.0,26,0.1271,383461.54,1.3
2026-10-01 15:27:32,29.6,81.0,27,0.132,368888.89,1.36
2026-10-01 15:27:34,29.6,80.0,29,0.1417,342758.62,1.46
2026-10-01 15:27:36,29.0,80.0,28,0.1369,355357.14,1.41
2026-10-01 15:27:38,29.6,80.0,25,0.1222,399200.0,1.25
2026-10-01 15:27:40,29.3,80.0,27,0.132,368888.89,1.36
2026-10-01 15:27:42,29.4,80.0,28,0.1369,355357.14,1.41
2026-10-01 15:27:44,29.7,79.0,29,0.1417,342758.62,1.46
2026-10-01 15:27:46,29.0,79.0,27,0.132,368888.89,1.36
2026-10-01 15:27:48,29.7,79.0,24,0.1173,416250.0,1.2
2026-10-01 15:27:50,29.6,79.0,26,0.1271,383461.54,1.3
2026-10-01 15:27:52,29.8,79.0,26,0.1271,383461.54,1.3
2026-10-01 15:27:54,29.8,79.0,26,0.1271,383461.54,1.3
2026-10-01 15:27:56,29.3,79.0,25,0.1222,399200.0,1.25
2026-10-01 15:27:58,29.8,79.0,19,0.0929,528421.05,0.95
2026-10-01 15:28:00,29.1,79.0,19,0.0929,528421.05,0.95
2026-10-01 15:28:03,29.1,79.0,18,0.088,558333.33,0.9
2026-10-01 15:28:05,29.9,78.0,24,0.1173,416250.0,1.2
2026-10-01 15:28:07,29.0,78.0,27,0.132,368888.89,1.36
2026-10-01 15:28:09,29.8,78.0,26,0.1271,383461.54,1.3
2026-10-01 15:28:11,29.5,78.0,26,0.1271,383461.54,1.3
2026-10-01 15:28:13,29.7,78.0,27,0.132,368888.89,1.36
2026-10-01 15:28:15,29.1,78.0,28,0.1369,355357.14,1.41
2026-10-01 15:28:17,29.8,78.0,28,0.1369,355357.14,1.41
2026-10-01 15:28:19,29.3,78.0,26,0.1271,383461.54,1.3
2026-10-01 15:28:21,29.8,78.0,27,0.132,368888.89,1.36
2026-10-01 15:28:23,29.6,78.0,28,0.1369,355357.14,1.41
2026-10-01 15:28:25,29.3,78.0,27,0.132,368888.89,1.36
2026-10-01 15:28:27,29.3,78.0,27,0.132,368888.89,1.36
2026-10-01 15:28:29,29.2,78.0,25,0.1222,399200.0,1.25
2026-10-01 15:28:31,29.8,78.0,27,0.132,368888.89,1.36
2026-10-01 15:28:33,29.4,78.0,28,0.1369,355357.14,1.41
2026-10-01 15:28:35,29.7,78.0,28,0.1369,355357.14,1.41
2026-10-01 15:28:37,29.5,78.0,27,0.132,368888.89,1.36
2026-10-01 15:28:39,29.3,78.0,26,0.1271,383461.54,1.3
2026-10-01 15:28:41,29.7,78.0,26,0.1271,383461.54,1.3
2026-10-01 15:28:43,29.3,78.0,28,0.1369,355357.14,1.41
2026-10-01 15:28:45,29.5,77.0,28,0.1369,355357.14,1.41
2026-10-01 15:28:47,29.5,77.0,26,0.1271,383461.54,1.3
2026-10-01 15:28:49,29.5,77.0,25,0.1222,399200.0,1.25
2026-10-01 15:28:51,29.7,77.0,26,0.1271,383461.54,1.3
2026-10-01 15:28:53,29.5,77.0,28,0.1369,355357.14,1.41
2026-10-01 15:28:55,29.3,77.0,28,0.1369,355357.14,1.41
2026-10-01 15:28:57,29.7,77.0,27,0.132,368888.89,1.36
2026-10-01 15:29:00,29.3,77.0,26,0.1271,383461.54,1.3
2026-10-01 15:29:02,29.9,77.0,26,0.1271,383461.54,1.3
2026-10-01 15:29:04,29.6,77.0,27,0.132,368888.89,1.36
2026-10-01 15:29:06,29.7,77.0,28,0.1369,355357.14,1.41
2026-10-01 15:29:08,29.5,77.0,27,0.132,368888.89,1.36
2026-10-01 15:29:10,29.9,77.0,27,0.132,368888.89,1.36
2026-10-01 15:29:12,29.5,77.0,26,0.1271,383461.54,1.3
2026-10-01 15:29:14,29.9,77.0,26,0.1271,383461.54,1.3
2026-10-01 15:29:16,29.0,77.0,27,0.132,368888.89,1.36
2026-10-01 15:29:18,29.4,77.0,27,0.132,368888.89,1.36
2026-10-01 15:29:20,29.5,77.0,28,0.1369,355357.14,1.41
2026-10-01 15:29:22,28.1,77.0,27,0.132,368888.89,1.36
2026-10-01 15:29:24,28.4,77.0,26,0.1271,383461.54,1.3
2026-10-01 15:29:26,28.1,77.0,27,0.132,368888.89,1.36
2026-10-01 15:29:28,28.3,77.0,28,0.1369,355357.14,1.41
2026-10-01 15:29:30,28.0,77.0,28,0.1369,355357.14,1.41
2026-10-01 15:29:32,28.2,77.0,27,0.132,368888.89,1.36
2026-10-01 15:29:34,28.9,77.0,26,0.1271,383461.54,1.3
2026-10-01 15:29:36,28.6,77.0,27,0.132,368888.89,1.36
2026-10-01 15:29:38,28.3,77.0,28,0.1369,355357.14,1.41
2026-10-01 15:29:40,28.3,77.0,26,0.1271,383461.54,1.3
2026-10-01 15:29:42,29.7,76.0,26,0.1271,383461.54,1.3
2026-10-01 15:29:44,28.2,77.0,26,0.1271,383461.54,1.3
2026-10-01 15:29:46,28.8,77.0,27,0.132,368888.89,1.36
2026-10-01 15:29:48,28.2,77.0,27,0.132,368888.89,1.36
2026-10-01 15:29:50,28.7,77.0,26,0.1271,383461.54,1.3
2026-10-01 15:29:52,28.4,77.0,25,0.1222,399200.0,1.25
2026-10-01 15:29:54,28.9,77.0,27,0.132,368888.89,1.36
2026-10-01 15:29:57,28.0,77.0,28,0.1369,355357.14,1.41
2026-10-01 15:29:59,28.1,77.0,28,0.1369,355357.14,1.41
2026-10-01 15:30:01,28.4,77.0,25,0.1222,399200.0,1.25
2026-10-01 15:30:03,28.6,77.0,26,0.1271,383461.54,1.3
2026-10-01 15:30:05,28.8,77.0,27,0.132,368888.89,1.36
2026-10-01 15:30:07,28.2,76.0,28,0.1369,355357.14,1.41
2026-10-01 15:30:09,28.8,76.0,27,0.132,368888.89,1.36
2026-10-01 15:30:11,28.8,76.0,26,0.1271,383461.54,1.3
2026-10-01 15:30:13,28.7,76.0,26,0.1271,383461.54,1.3
2026-10-01 15:30:15,28.2,76.0,28,0.1369,355357.14,1.41
2026-10-01 15:30:17,28.3,76.0,28,0.1369,355357.14,1.41
2026-10-01 15:30:19,28.0,76.0,27,0.132,368888.89,1.36
2026-10-01 15:30:21,28.7,76.0,26,0.1271,383461.54,1.3
2026-10-01 15:30:23,28.1,76.0,27,0.132,368888.89,1.36
2026-10-01 15:30:25,28.8,76.0,28,0.1369,355357.14,1.41
2026-10-01 15:30:27,28.3,76.0,28,0.1369,355357.14,1.41
2026-10-01 15:30:29,28.1,76.0,28,0.1369,355357.14,1.41
2026-10-01 15:30:31,28.8,76.0,26,0.1271,383461.54,1.3
2026-10-01 15:30:33,28.9,76.0,27,0.132,368888.89,1.36
2026-10-01 15:30:35,28.8,76.0,28,0.1369,355357.14,1.41
2026-10-01 15:30:37,28.9,76.0,28,0.1369,355357.14,1.41
2026-10-01 15:30:39,28.3,76.0,28,0.1369,355357.14,1.41
2026-10-01 15:30:41,28.3,76.0,27,0.132,368888.89,1.36
2026-10-01 15:30:43,28.1,76.0,26,0.1271,383461.54,1.3
2026-10-01 15:30:45,28.8,76.0,28,0.1369,355357.14,1.41
2026-10-01 15:30:47,28.1,76.0,28,0.1369,355357.14,1.41
2026-10-01 15:30:49,28.6,76.0,28,0.1369,355357.14,1.41
2026-10-01 15:30:52,28.4,76.0,27,0.132,368888.89,1.36
2026-10-01 15:30:54,28.5,76.0,26,0.1271,383461.54,1.3
2026-10-01 15:30:56,28.3,76.0,26,0.1271,383461.54,1.3
2026-10-01 15:30:58,28.1,76.0,27,0.132,368888.89,1.36
2026-10-01 15:31:00,28.3,76.0,27,0.132,368888.89,1.36
2026-10-01 15:31:02,28.1,76.0,28,0.1369,355357.14,1.41
2026-10-01 15:31:04,28.3,76.0,28,0.1369,355357.14,1.41
2026-10-01 15:31:06,28.0,76.0,25,0.1222,399200.0,1.25
2026-10-01 15:31:08,28.8,76.0,25,0.1222,399200.0,1.25
2026-10-01 15:31:10,28.3,76.0,25,0.1222,399200.0,1.25
2026-10-01 15:31:12,28.5,76.0,27,0.132,368888.89,1.36
2026-10-01 15:31:14,28.2,76.0,27,0.132,368888.89,1.36
2026-10-01 15:31:16,28.4,76.0,27,0.132,368888.89,1.36
2026-10-01 15:31:18,28.7,76.0,26,0.1271,383461.54,1.3
2026-10-01 15:31:20,28.6,76.0,25,0.1222,399200.0,1.25
2026-10-01 15:31:22,28.7,76.0,26,0.1271,383461.54,1.3
2026-10-01 15:31:24,28.9,76.0,27,0.132,368888.89,1.36
2026-10-01 15:31:26,28.4,76.0,27,0.132,368888.89,1.36
2026-10-01 15:31:28,28.8,76.0,26,0.1271,383461.54,1.3
2026-10-01 15:31:30,28.3,76.0,25,0.1222,399200.0,1.25
2026-10-01 15:31:32,28.0,76.0,25,0.1222,399200.0,1.25
2026-10-01 15:31:34,28.7,76.0,26,0.1271,383461.54,1.3
2026-10-01 15:31:36,28.1,76.0,27,0.132,368888.89,1.36
2026-10-01 15:31:38,28.4,76.0,27,0.132,368888.89,1.36
2026-10-01 15:31:40,28.2,76.0,26,0.1271,383461.54,1.3
2026-10-01 15:31:42,28.4,76.0,24,0.1173,416250.0,1.2
2026-10-01 15:31:44,28.7,76.0,25,0.1222,399200.0,1.25
2026-10-01 15:31:46,28.4,76.0,26,0.1271,383461.54,1.3
2026-10-01 15:31:49,28.7,76.0,27,0.132,368888.89,1.36
2026-10-01 15:31:51,28.8,77.0,26,0.1271,383461.54,1.3
2026-10-01 15:31:53,28.3,77.0,25,0.1222,399200.0,1.25
2026-10-01 15:31:55,28.9,77.0,24,0.1173,416250.0,1.2
2026-10-01 15:31:57,28.1,77.0,26,0.1271,383461.54,1.3
2026-10-01 15:31:59,28.3,77.0,27,0.132,368888.89,1.36
2026-10-01 15:32:01,28.0,77.0,28,0.1369,355357.14,1.41
2026-10-01 15:32:03,29.0,76.0,27,0.132,368888.89,1.36
2026-10-01 15:32:05,29.1,76.0,25,0.1222,399200.0,1.25
2026-10-01 15:32:07,29.3,76.0,26,0.1271,383461.54,1.3
2026-10-01 15:32:09,29.6,76.0,26,0.1271,383461.54,1.3
2026-10-01 15:32:11,29.5,76.0,27,0.132,368888.89,1.36
2026-10-01 15:32:13,29.4,76.0,27,0.132,368888.89,1.36
2026-10-01 15:32:15,29.1,76.0,26,0.1271,383461.54,1.3
2026-10-01 15:32:17,29.9,76.0,25,0.1222,399200.0,1.25
2026-10-01 15:32:19,29.4,76.0,25,0.1222,399200.0,1.25
2026-10-01 15:32:21,29.9,76.0,27,0.132,368888.89,1.36
2026-10-01 15:32:23,29.3,76.0,27,0.132,368888.89,1.36
2026-10-01 15:32:25,29.6,76.0,27,0.132,368888.89,1.36
2026-10-01 15:32:27,29.5,76.0,26,0.1271,383461.54,1.3
2026-10-01 15:32:29,29.1,76.0,25,0.1222,399200.0,1.25
2026-10-01 15:32:31,29.3,76.0,26,0.1271,383461.54,1.3
2026-10-01 15:32:33,29.8,76.0,27,0.132,368888.89,1.36
2026-10-01 15:32:35,29.2,76.0,27,0.132,368888.89,1.36
2026-10-01 15:32:37,29.5,76.0,27,0.132,368888.89,1.36
2026-10-01 15:32:39,29.2,76.0,25,0.1222,399200.0,1.25
2026-10-01 15:32:41,29.8,76.0,25,0.1222,399200.0,1.25
2026-10-01 15:32:43,29.9,76.0,26,0.1271,383461.54,1.3
2026-10-01 15:32:46,29.8,76.0,27,0.132,368888.89,1.36
2026-10-01 15:32:48,29.4,76.0,27,0.132,368888.89,1.36
2026-10-01 15:32:50,29.6,76.0,26,0.1271,383461.54,1.3
2026-10-01 15:32:52,29.5,76.0,25,0.1222,399200.0,1.25
2026-10-01 15:32:54,29.3,76.0,25,0.1222,399200.0,1.25
2026-10-01 15:32:56,29.6,76.0,27,0.132,368888.89,1.36
2026-10-01 15:32:58,29.0,76.0,27,0.132,368888.89,1.36
2026-10-01 15:33:00,29.8,76.0,26,0.1271,383461.54,1.3
2026-10-01 15:33:02,29.9,76.0,25,0.1222,399200.0,1.25
2026-10-01 15:33:04,29.1,76.0,25,0.1222,399200.0,1.25
2026-10-01 15:33:06,29.2,76.0,26,0.1271,383461.54,1.3
2026-10-01 15:33:08,29.6,76.0,27,0.132,368888.89,1.36
2026-10-01 15:33:10,29.6,76.0,27,0.132,368888.89,1.36
2026-10-01 15:33:12,29.7,76.0,26,0.1271,383461.54,1.3
2026-10-01 15:33:14,29.9,76.0,25,0.1222,399200.0,1.25
2026-10-01 15:33:16,29.3,76.0,25,0.1222,399200.0,1.25
2026-10-01 15:33:18,29.7,76.0,26,0.1271,383461.54,1.3
2026-10-01 15:33:20,29.2,76.0,27,0.132,368888.89,1.36
2026-10-01 15:33:22,29.1,76.0,27,0.132,368888.89,1.36
2026-10-01 15:33:24,29.2,76.0,27,0.132,368888.89,1.36
2026-10-01 15:33:26,29.8,76.0,25,0.1222,399200.0,1.25
2026-10-01 15:33:28,29.3,76.0,25,0.1222,399200.0,1.25
2026-10-01 15:33:30,29.6,76.0,25,0.1222,399200.0,1.25
2026-10-01 15:33:32,29.6,76.0,27,0.132,368888.89,1.36
2026-10-01 15:33:34,29.5,76.0,27,0.132,368888.89,1.36
2026-10-01 15:33:36,29.4,76.0,27,0.132,368888.89,1.36
2026-10-01 15:33:38,29.4,76.0,26,0.1271,383461.54,1.3
2026-10-01 15:33:40,29.9,76.0,26,0.1271,383461.54,1.3
2026-10-01 15:33:43,29.5,76.0,25,0.1222,399200.0,1.25
2026-10-01 15:33:45,29.3,76.0,26,0.1271,383461.54,1.3
2026-10-01 15:33:47,29.8,76.0,26,0.1271,383461.54,1.3
2026-10-01 15:33:49,29.1,76.0,27,0.132,368888.89,1.36
2026-10-01 15:33:51,29.2,76.0,27,0.132,368888.89,1.36
2026-10-01 15:33:53,29.5,76.0,26,0.1271,383461.54,1.3
2026-10-01 15:33:55,29.2,76.0,25,0.1222,399200.0,1.25
2026-10-01 15:33:57,29.6,76.0,25,0.1222,399200.0,1.25
2026-10-01 15:33:59,29.7,76.0,26,0.1271,383461.54,1.3
2026-10-01 15:34:01,29.3,76.0,27,0.132,368888.89,1.36
2026-10-01 15:34:03,29.8,76.0,27,0.132,368888.89,1.36
2026-10-01 15:34:05,29.5,76.0,26,0.1271,383461.54,1.3
2026-10-01 15:34:07,29.9,76.0,26,0.1271,383461.54,1.3
2026-10-01 15:34:09,29.3,76.0,25,0.1222,399200.0,1.25
2026-10-01 15:34:11,29.9,76.0,25,0.1222,399200.0,1.25
2026-10-01 15:34:13,29.0,76.0,26,0.1271,383461.54,1.3
2026-10-01 15:34:15,29.9,75.0,26,0.1271,383461.54,1.3
2026-10-01 15:34:17,29.6,75.0,27,0.132,368888.89,1.36
2026-10-01 15:34:19,29.5,75.0,27,0.132,368888.89,1.36
2026-10-01 15:34:21,29.6,75.0,27,0.132,368888.89,1.36
2026-10-01 15:34:23,29.7,75.0,26,0.1271,383461.54,1.3
2026-10-01 15:34:25,29.2,75.0,26,0.1271,383461.54,1.3
2026-10-01 15:34:27,29.8,75.0,25,0.1222,399200.0,1.25
2026-10-01 15:34:29,29.5,75.0,25,0.1222,399200.0,1.25
2026-10-01 15:34:31,29.6,75.0,26,0.1271,383461.54,1.3
2026-10-01 15:34:33,29.1,75.0,26,0.1271,383461.54,1.3
2026-10-01 15:34:35,29.7,75.0,26,0.1271,383461.54,1.3
2026-10-01 15:34:37,29.6,75.0,27,0.132,368888.89,1.36
2026-10-01 15:34:40,29.4,75.0,27,0.132,368888.89,1.36
2026-10-01 15:34:42,29.2,75.0,26,0.1271,383461.54,1.3
2026-10-01 15:34:44,29.0,75.0,25,0.1222,399200.0,1.25
2026-10-01 15:34:46,29.3,75.0,26,0.1271,383461.54,1.3
2026-10-01 15:34:48,29.1,75.0,27,0.132,368888.89,1.36
2026-10-01 15:34:50,29.0,75.0,27,0.132,368888.89,1.36
2026-10-01 15:34:52,29.5,75.0,27,0.132,368888.89,1.36
2026-10-01 15:34:54,29.9,75.0,25,0.1222,399200.0,1.25
2026-10-01 15:34:56,29.8,75.0,25,0.1222,399200.0,1.25
2026-10-01 15:34:58,29.4,75.0,26,0.1271,383461.54,1.3
2026-10-01 15:35:00,29.7,75.0,27,0.132,368888.89,1.36
2026-10-01 15:35:02,29.6,75.0,27,0.132,368888.89,1.36
2026-10-01 15:35:04,29.9,75.0,27,0.132,368888.89,1.36
2026-10-01 15:35:06,29.5,75.0,26,0.1271,383461.54,1.3
2026-10-01 15:35:08,29.2,75.0,24,0.1173,416250.0,1.2
2026-10-01 15:35:10,29.3,76.0,17,0.0831,591764.71,0.84
2026-10-01 15:35:12,29.1,76.0,25,0.1222,399200.0,1.25
2026-10-01 15:35:14,29.7,76.0,21,0.1026,477142.86,1.05
2026-10-01 15:35:16,29.1,76.0,27,0.132,368888.89,1.36
2026-10-01 15:35:18,29.4,76.0,26,0.1271,383461.54,1.3
2026-10-01 15:35:20,29.3,76.0,22,0.1075,455000.0,1.1
2026-10-01 15:35:22,29.5,76.0,18,0.088,558333.33,0.9
2026-10-01 15:35:24,29.6,76.0,18,0.088,558333.33,0.9
2026-10-01 15:35:26,29.8,76.0,18,0.088,558333.33,0.9
2026-10-01 15:35:28,29.5,76.0,21,0.1026,477142.86,1.05
2026-10-01 15:35:30,29.6,76.0,18,0.088,558333.33,0.9
2026-10-01 15:35:32,29.7,76.0,18,0.088,558333.33,0.9
2026-10-01 15:35:35,29.8,76.0,24,0.1173,416250.0,1.2
2026-10-01 15:35:37,29.4,76.0,25,0.1222,399200.0,1.25
2026-10-01 15:35:39,29.0,76.0,24,0.1173,416250.0,1.2
2026-10-01 15:35:41,29.1,76.0,23,0.1124,434782.61,1.15
2026-10-01 15:35:43,29.3,77.0,22,0.1075,455000.0,1.1
2026-10-01 15:35:45,29.0,77.0,20,0.0978,501500.0,1.0
2026-10-01 15:35:47,29.2,77.0,19,0.0929,528421.05,0.95
2026-10-01 15:35:49,29.3,77.0,9,0.044,1126666.67,0.44
2026-10-01 15:35:51,29.1,77.0,9,0.044,1126666.67,0.44
2026-10-01 15:35:53,29.2,77.0,22,0.1075,455000.0,1.1
2026-10-01 15:35:55,29.1,77.0,25,0.1222,399200.0,1.25
2026-10-01 15:35:57,29.9,77.0,24,0.1173,416250.0,1.2
2026-10-01 15:35:59,29.4,77.0,25,0.1222,399200.0,1.25
2026-10-01 15:36:01,29.7,77.0,26,0.1271,383461.54,1.3
2026-10-01 15:36:03,29.0,77.0,27,0.132,368888.89,1.36
2026-10-01 15:36:05,29.5,77.0,27,0.132,368888.89,1.36
2026-10-01 15:36:07,29.0,77.0,26,0.1271,383461.54,1.3
2026-10-01 15:36:09,29.5,76.0,25,0.1222,399200.0,1.25
2026-10-01 15:36:11,29.9,76.0,18,0.088,558333.33,0.9
2026-10-01 15:36:13,29.4,76.0,18,0.088,558333.33,0.9
2026-10-01 15:36:15,29.7,76.0,18,0.088,558333.33,0.9
2026-10-01 15:36:17,29.1,76.0,23,0.1124,434782.61,1.15
2026-10-01 15:36:19,29.4,76.0,18,0.088,558333.33,0.9
2026-10-01 15:36:21,29.6,76.0,17,0.0831,591764.71,0.84
2026-10-01 15:36:23,29.5,76.0,22,0.1075,455000.0,1.1
2026-10-01 15:36:25,29.1,76.0,18,0.088,558333.33,0.9
2026-10-01 15:36:27,29.5,76.0,22,0.1075,455000.0,1.1
2026-10-01 15:36:29,29.4,76.0,26,0.1271,383461.54,1.3
2026-10-01 15:36:32,29.2,76.0,25,0.1222,399200.0,1.25
2026-10-01 15:36:34,29.1,76.0,25,0.1222,399200.0,1.25
2026-10-01 15:36:36,29.2,76.0,20,0.0978,501500.0,1.0
2026-10-01 15:36:38,29.5,76.0,19,0.0929,528421.05,0.95
2026-10-01 15:36:40,29.7,76.0,20,0.0978,501500.0,1.0
2026-10-01 15:36:42,29.9,76.0,20,0.0978,501500.0,1.0
2026-10-01 15:36:44,29.6,76.0,21,0.1026,477142.86,1.05
2026-10-01 15:36:46,29.5,76.0,20,0.0978,501500.0,1.0
2026-10-01 15:36:48,29.0,76.0,17,0.0831,591764.71,0.84
2026-10-01 15:36:50,29.2,76.0,20,0.0978,501500.0,1.0
2026-10-01 15:36:52,29.3,75.0,19,0.0929,528421.05,0.95
2026-10-01 15:36:54,29.7,75.0,25,0.1222,399200.0,1.25
2026-10-01 15:36:56,29.9,75.0,17,0.0831,591764.71,0.84
2026-10-01 15:36:58,29.7,75.0,22,0.1075,455000.0,1.1
2026-10-01 15:37:00,29.5,75.0,29,0.1417,342758.62,1.46
2026-10-01 15:37:02,29.8,75.0,21,0.1026,477142.86,1.05
2026-10-01 15:37:04,29.2,75.0,26,0.1271,383461.54,1.3
2026-10-01 15:37:06,29.9,75.0,28,0.1369,355357.14,1.41
2026-10-01 15:37:08,29.9,75.0,29,0.1417,342758.62,1.46
2026-10-01 15:37:10,29.7,75.0,28,0.1369,355357.14,1.41
2026-10-01 15:37:12,29.5,75.0,29,0.1417,342758.62,1.46
2026-10-01 15:37:14,29.7,75.0,29,0.1417,342758.62,1.46
2026-10-01 15:37:16,29.8,74.0,26,0.1271,383461.54,1.3
2026-10-01 15:37:18,29.9,74.0,20,0.0978,501500.0,1.0
2026-10-01 15:37:20,29.6,74.0,20,0.0978,501500.0,1.0
2026-10-01 15:37:22,29.9,74.0,20,0.0978,501500.0,1.0
2026-10-01 15:37:24,29.6,74.0,23,0.1124,434782.61,1.15
2026-10-01 15:37:26,29.6,74.0,22,0.1075,455000.0,1.1
2026-10-01 15:37:29,29.0,74.0,30,0.1466,331000.0,1.51
2026-10-01 15:37:31,29.7,74.0,30,0.1466,331000.0,1.51
2026-10-01 15:37:33,29.0,74.0,29,0.1417,342758.62,1.46
2026-10-01 15:37:35,29.6,74.0,28,0.1369,355357.14,1.41
2026-10-01 15:37:37,29.7,74.0,27,0.132,368888.89,1.36
2026-10-01 15:37:39,29.2,74.0,27,0.132,368888.89,1.36
2026-10-01 15:37:41,29.0,74.0,27,0.132,368888.89,1.36
2026-10-01 15:37:43,29.6,74.0,28,0.1369,355357.14,1.41
2026-10-01 15:37:45,29.9,74.0,29,0.1417,342758.62,1.46
2026-10-01 15:37:47,29.6,73.0,28,0.1369,355357.14,1.41
2026-10-01 15:37:49,29.5,73.0,28,0.1369,355357.14,1.41
2026-10-01 15:37:51,29.0,73.0,27,0.132,368888.89,1.36
2026-10-01 15:37:53,29.6,73.0,27,0.132,368888.89,1.36
2026-10-01 15:37:55,29.6,73.0,28,0.1369,355357.14,1.41
2026-10-01 15:37:57,29.5,73.0,28,0.1369,355357.14,1.41
2026-10-01 15:37:59,29.6,73.0,29,0.1417,342758.62,1.46
2026-10-01 15:54:53,28.8,75.0,34,0.1662,290882.35,1.72
2026-10-01 15:54:55,28.2,75.0,33,0.1613,300000.0,1.67
2026-10-01 15:54:57,28.3,75.0,35,0.1711,282285.71,1.77
2026-10-01 15:54:59,28.5,75.0,34,0.1662,290882.35,1.72
2026-10-01 15:55:01,28.2,75.0,34,0.1662,290882.35,1.72
2026-10-01 15:55:03,28.1,75.0,35,0.1711,282285.71,1.77
2026-10-01 15:55:05,28.8,75.0,33,0.1613,300000.0,1.67
2026-10-01 15:55:07,28.7,75.0,35,0.1711,282285.71,1.77
2026-10-01 15:55:10,28.9,75.0,34,0.1662,290882.35,1.72
2026-10-01 15:55:12,28.1,75.0,32,0.1564,309687.5,1.61
2026-10-01 15:55:14,28.2,75.0,34,0.1662,290882.35,1.72
2026-10-01 15:55:16,28.6,75.0,34,0.1662,290882.35,1.72
2026-10-01 15:55:18,28.5,75.0,33,0.1613,300000.0,1.67
2026-10-01 15:55:20,28.0,75.0,35,0.1711,282285.71,1.77
2026-10-01 15:55:22,28.3,75.0,34,0.1662,290882.35,1.72
2026-10-01 15:55:24,28.8,75.0,33,0.1613,300000.0,1.67
2026-10-01 15:55:26,28.7,75.0,35,0.1711,282285.71,1.77
2026-10-01 15:55:28,28.8,75.0,34,0.1662,290882.35,1.72
2026-10-01 15:55:30,28.6,75.0,33,0.1613,300000.0,1.67
2026-10-01 15:55:32,28.3,75.0,35,0.1711,282285.71,1.77
2026-10-01 15:55:34,28.9,75.0,34,0.1662,290882.35,1.72
2026-10-01 15:55:36,28.2,75.0,33,0.1613,300000.0,1.67
2026-10-01 15:55:39,28.4,75.0,35,0.1711,282285.71,1.77
2026-10-01 15:55:41,28.9,75.0,34,0.1662,290882.35,1.72
2026-10-01 15:55:43,28.3,75.0,33,0.1613,300000.0,1.67
2026-10-01 15:55:45,28.9,75.0,35,0.1711,282285.71,1.77
2026-10-01 15:55:47,28.2,75.0,34,0.1662,290882.35,1.72
2026-10-01 15:55:49,28.6,75.0,32,0.1564,309687.5,1.61
2026-10-01 15:55:51,28.4,75.0,34,0.1662,290882.35,1.72
2026-10-01 15:55:53,28.0,75.0,34,0.1662,290882.35,1.72
2026-10-01 15:55:55,28.4,75.0,33,0.1613,300000.0,1.67
2026-10-01 15:55:57,28.0,75.0,34,0.1662,290882.35,1.72
2026-10-01 15:55:59,28.2,75.0,35,0.1711,282285.71,1.77
2026-10-01 15:56:01,28.6,75.0,33,0.1613,300000.0,1.67
2026-10-01 15:56:03,28.5,75.0,33,0.1613,300000.0,1.67
2026-10-01 15:56:05,28.0,75.0,35,0.1711,282285.71,1.77
2026-10-01 15:56:08,28.3,75.0,34,0.1662,290882.35,1.72
2026-10-01 15:56:10,28.8,75.0,33,0.1613,300000.0,1.67
2026-10-01 15:56:12,28.7,75.0,35,0.1711,282285.71,1.77
2026-10-01 15:56:14,28.0,75.0,34,0.1662,290882.35,1.72
2026-10-01 15:56:16,28.4,75.0,33,0.1613,300000.0,1.67
2026-10-01 15:56:18,28.9,75.0,35,0.1711,282285.71,1.77
2026-10-01 15:56:20,28.3,75.0,34,0.1662,290882.35,1.72
2026-10-01 15:56:22,28.0,75.0,33,0.1613,300000.0,1.67
2026-10-01 15:56:24,28.4,75.0,34,0.1662,290882.35,1.72
2026-10-01 15:56:26,28.0,75.0,35,0.1711,282285.71,1.77
2026-10-01 15:56:28,28.5,75.0,33,0.1613,300000.0,1.67
2026-10-01 15:56:30,28.1,75.0,33,0.1613,300000.0,1.67
2026-10-01 15:56:32,28.3,75.0,35,0.1711,282285.71,1.77
2026-10-01 15:56:34,28.8,75.0,34,0.1662,290882.35,1.72
2026-10-01 15:56:37,28.8,75.0,33,0.1613,300000.0,1.67
2026-10-01 15:56:39,28.8,75.0,35,0.1711,282285.71,1.77
2026-10-01 15:56:41,28.8,75.0,34,0.1662,290882.35,1.72
2026-10-01 15:56:43,28.8,75.0,32,0.1564,309687.5,1.61
2026-10-01 15:56:45,28.8,75.0,34,0.1662,290882.35,1.72
2026-10-01 15:56:47,28.9,75.0,34,0.1662,290882.35,1.72
2026-10-01 16:02:26,29.7,76.0,22,0.1075,455000.0,1.1
2026-10-01 16:02:28,29.4,76.0,23,0.1124,434782.61,1.15
2026-10-01 16:02:30,29.1,76.0,33,0.1613,300000.0,1.67
2026-10-01 16:02:33,29.7,75.0,25,0.1222,399200.0,1.25
2026-10-01 16:02:35,29.6,75.0,23,0.1124,434782.61,1.15
2026-10-01 16:02:37,29.8,75.0,16,0.0782,629375.0,0.79
2026-10-01 16:02:39,29.1,75.0,18,0.088,558333.33,0.9
2026-10-01 16:02:41,29.7,75.0,21,0.1026,477142.86,1.05
2026-10-01 16:02:43,29.6,75.0,21,0.1026,477142.86,1.05
2026-10-01 16:02:45,29.8,76.0,19,0.0929,528421.05,0.95
2026-10-01 16:02:47,29.1,76.0,27,0.132,368888.89,1.36
2026-10-01 16:02:49,29.5,76.0,21,0.1026,477142.86,1.05
2026-10-01 16:02:51,29.2,76.0,28,0.1369,355357.14,1.41
2026-10-01 16:02:53,29.9,76.0,24,0.1173,416250.0,1.2
2026-10-01 16:03:01,29.3,76.0,23,0.1124,434782.61,1.15
2026-10-01 16:03:03,29.2,75.0,24,0.1173,416250.0,1.2
2026-10-01 16:03:06,29.1,75.0,23,0.1124,434782.61,1.15
2026-10-01 16:03:08,29.0,75.0,25,0.1222,399200.0,1.25
2026-10-01 16:03:10,29.4,75.0,25,0.1222,399200.0,1.25
2026-10-01 16:03:12,29.4,75.0,28,0.1369,355357.14,1.41
2026-10-01 16:03:14,29.0,75.0,32,0.1564,309687.5,1.61
2026-10-01 16:03:16,29.3,75.0,24,0.1173,416250.0,1.2
2026-10-01 16:03:18,29.6,75.0,34,0.1662,290882.35,1.72
2026-10-01 16:03:20,29.0,74.0,32,0.1564,309687.5,1.61
2026-10-01 16:03:22,29.6,74.0,33,0.1613,300000.0,1.67
2026-10-01 16:03:24,29.6,74.0,32,0.1564,309687.5,1.61
2026-10-01 16:03:26,29.0,74.0,26,0.1271,383461.54,1.3
2026-10-01 16:03:29,29.7,74.0,33,0.1613,300000.0,1.67
2026-10-01 16:03:31,29.4,74.0,31,0.1515,320000.0,1.56
2026-10-01 16:03:33,29.3,74.0,33,0.1613,300000.0,1.67
2026-10-01 16:03:35,29.2,74.0,33,0.1613,300000.0,1.67
2026-10-01 16:03:37,29.9,74.0,32,0.1564,309687.5,1.61
2026-10-01 16:03:39,29.7,74.0,33,0.1613,300000.0,1.67
2026-10-01 16:03:41,29.2,74.0,32,0.1564,309687.5,1.61
2026-10-01 16:03:43,29.8,74.0,32,0.1564,309687.5,1.61
2026-10-01 16:03:45,29.0,74.0,34,0.1662,290882.35,1.72
2026-10-01 16:03:47,29.6,74.0,32,0.1564,309687.5,1.61
2026-10-01 16:03:49,29.8,74.0,31,0.1515,320000.0,1.56
2026-10-01 16:03:52,29.0,74.0,33,0.1613,300000.0,1.67
2026-10-01 16:03:54,29.6,74.0,33,0.1613,300000.0,1.67
2026-10-01 16:03:56,29.8,74.0,30,0.1466,331000.0,1.51
2026-10-01 16:03:58,29.0,73.0,23,0.1124,434782.61,1.15
2026-10-01 16:04:00,29.4,73.0,24,0.1173,416250.0,1.2
2026-10-01 16:04:02,29.0,73.0,18,0.088,558333.33,0.9
2026-10-01 16:04:04,29.2,73.0,22,0.1075,455000.0,1.1
2026-10-01 16:04:06,29.7,74.0,23,0.1124,434782.61,1.15
2026-10-01 16:04:08,29.1,73.0,22,0.1075,455000.0,1.1
2026-10-01 16:04:10,29.1,74.0,23,0.1124,434782.61,1.15
2026-10-01 16:04:12,29.5,73.0,22,0.1075,455000.0,1.1
2026-10-01 16:04:15,29.8,73.0,22,0.1075,455000.0,1.1
2026-10-01 16:04:17,29.6,73.0,22,0.1075,455000.0,1.1
2026-10-01 16:04:19,29.5,73.0,23,0.1124,434782.61,1.15
2026-10-01 16:04:21,29.8,73.0,31,0.1515,320000.0,1.56
2026-10-01 16:04:23,29.6,73.0,30,0.1466,331000.0,1.51
2026-10-01 16:04:25,29.6,73.0,29,0.1417,342758.62,1.46
2026-10-01 16:04:27,29.4,73.0,32,0.1564,309687.5,1.61
2026-10-01 16:04:29,29.2,73.0,31,0.1515,320000.0,1.56
2026-10-01 16:04:31,29.6,73.0,31,0.1515,320000.0,1.56
2026-10-01 16:04:33,29.6,73.0,18,0.088,558333.33,0.9
2026-10-01 16:04:35,29.5,73.0,32,0.1564,309687.5,1.61
2026-10-01 16:04:38,29.6,73.0,32,0.1564,309687.5,1.61
2026-10-01 16:04:40,29.4,73.0,31,0.1515,320000.0,1.56
2026-10-01 16:04:42,29.0,73.0,30,0.1466,331000.0,1.51
2026-10-01 16:04:44,29.4,73.0,30,0.1466,331000.0,1.51
2026-10-01 16:04:46,29.8,73.0,31,0.1515,320000.0,1.56
2026-10-01 16:04:48,29.4,73.0,25,0.1222,399200.0,1.25
2026-10-01 16:04:50,29.8,73.0,29,0.1417,342758.62,1.46
2026-10-01 16:04:52,29.5,73.0,31,0.1515,320000.0,1.56
2026-10-01 16:04:54,29.3,73.0,30,0.1466,331000.0,1.51
2026-10-01 16:04:56,29.0,73.0,29,0.1417,342758.62,1.46
2026-10-01 16:04:58,29.1,73.0,30,0.1466,331000.0,1.51
2026-10-01 16:05:01,29.8,73.0,32,0.1564,309687.5,1.61
2026-10-01 16:05:03,29.4,73.0,32,0.1564,309687.5,1.61
2026-10-01 16:05:05,29.7,73.0,31,0.1515,320000.0,1.56
2026-10-01 16:05:07,29.9,73.0,30,0.1466,331000.0,1.51
2026-10-01 16:05:09,29.1,73.0,29,0.1417,342758.62,1.46
2026-10-01 16:05:11,29.0,73.0,30,0.1466,331000.0,1.51
2026-10-01 16:05:13,29.1,73.0,31,0.1515,320000.0,1.56
2026-10-01 16:05:15,29.0,73.0,32,0.1564,309687.5,1.61
2026-10-01 16:05:17,29.3,73.0,32,0.1564,309687.5,1.61
2026-10-01 16:05:19,29.0,73.0,31,0.1515,320000.0,1.56
2026-10-01 16:05:22,29.0,73.0,31,0.1515,320000.0,1.56
2026-10-01 16:05:24,29.3,73.0,30,0.1466,331000.0,1.51
2026-10-01 16:05:26,29.0,73.0,29,0.1417,342758.62,1.46
2026-10-01 16:05:28,29.3,73.0,29,0.1417,342758.62,1.46
2026-10-01 16:05:30,29.1,73.0,30,0.1466,331000.0,1.51
2026-10-01 16:05:32,29.8,73.0,32,0.1564,309687.5,1.61
2026-10-01 16:05:34,29.7,73.0,32,0.1564,309687.5,1.61
2026-10-01 16:05:36,29.1,73.0,31,0.1515,320000.0,1.56
2026-10-01 16:05:38,29.9,73.0,30,0.1466,331000.0,1.51
2026-10-01 16:05:40,29.3,73.0,32,0.1564,309687.5,1.61
2026-10-01 16:05:42,29.2,73.0,31,0.1515,320000.0,1.56
2026-10-01 16:05:45,29.5,73.0,27,0.132,368888.89,1.36
2026-10-01 16:05:47,29.5,73.0,30,0.1466,331000.0,1.51
2026-10-01 16:05:49,29.5,73.0,31,0.1515,320000.0,1.56
2026-10-01 16:05:51,29.7,73.0,29,0.1417,342758.62,1.46
2026-10-01 16:05:53,29.0,73.0,30,0.1466,331000.0,1.51
2026-10-01 16:05:55,29.4,73.0,32,0.1564,309687.5,1.61
2026-10-01 16:05:57,29.3,73.0,30,0.1466,331000.0,1.51
2026-10-01 16:05:59,29.2,73.0,31,0.1515,320000.0,1.56
2026-10-01 16:06:01,29.5,73.0,32,0.1564,309687.5,1.61
2026-10-01 16:06:03,29.6,73.0,29,0.1417,342758.62,1.46
2026-10-01 16:06:05,29.3,73.0,32,0.1564,309687.5,1.61
2026-10-01 16:06:08,29.0,73.0,32,0.1564,309687.5,1.61
2026-10-01 16:06:10,29.1,73.0,30,0.1466,331000.0,1.51
2026-10-01 16:06:12,29.0,73.0,32,0.1564,309687.5,1.61
2026-10-01 16:06:14,29.1,73.0,30,0.1466,331000.0,1.51
2026-10-01 16:06:16,29.8,73.0,32,0.1564,309687.5,1.61
2026-10-01 16:06:18,29.6,73.0,32,0.1564,309687.5,1.61
2026-10-01 16:06:20,29.3,73.0,31,0.1515,320000.0,1.56
2026-10-01 16:06:22,29.3,73.0,32,0.1564,309687.5,1.61
2026-10-01 16:06:24,29.0,73.0,30,0.1466,331000.0,1.51
2026-10-01 16:06:26,29.1,73.0,32,0.1564,309687.5,1.61
2026-10-01 16:06:28,29.8,73.0,30,0.1466,331000.0,1.51
2026-10-01 16:06:31,29.4,73.0,32,0.1564,309687.5,1.61
2026-10-01 16:06:33,29.8,73.0,31,0.1515,320000.0,1.56
2026-10-01 16:06:35,29.6,73.0,32,0.1564,309687.5,1.61
2026-10-01 16:06:37,29.3,73.0,29,0.1417,342758.62,1.46
2026-10-01 16:06:39,29.8,73.0,31,0.1515,320000.0,1.56
2026-10-01 16:06:41,29.7,73.0,32,0.1564,309687.5,1.61
2026-10-01 16:06:43,29.8,73.0,30,0.1466,331000.0,1.51
2026-10-01 16:06:45,29.8,73.0,32,0.1564,309687.5,1.61
2026-10-01 16:06:47,29.5,73.0,30,0.1466,331000.0,1.51
2026-10-01 16:06:49,29.7,73.0,32,0.1564,309687.5,1.61
2026-10-01 16:06:51,29.1,73.0,29,0.1417,342758.62,1.46
2026-10-01 16:06:54,29.0,73.0,32,0.1564,309687.5,1.61
2026-10-01 16:06:56,29.2,73.0,29,0.1417,342758.62,1.46
2026-10-01 16:06:58,29.5,73.0,31,0.1515,320000.0,1.56
2026-10-01 16:07:00,29.6,73.0,30,0.1466,331000.0,1.51
2026-10-01 16:07:02,29.3,73.0,31,0.1515,320000.0,1.56
2026-10-01 16:07:04,29.9,73.0,31,0.1515,320000.0,1.56
2026-10-01 16:07:06,29.5,74.0,30,0.1466,331000.0,1.51
2026-10-01 16:07:08,29.2,74.0,32,0.1564,309687.5,1.61
2026-10-01 16:07:10,29.8,74.0,29,0.1417,342758.62,1.46
2026-10-01 16:07:36,29.4,73.0,33,0.1613,300000.0,1.67
2026-10-01 16:07:39,29.8,73.0,33,0.1613,300000.0,1.67
2026-10-01 16:07:41,29.4,73.0,33,0.1613,300000.0,1.67
2026-10-01 16:07:43,29.0,73.0,34,0.1662,290882.35,1.72
2026-10-01 16:07:45,29.2,73.0,32,0.1564,309687.5,1.61
2026-10-01 16:07:47,29.4,73.0,34,0.1662,290882.35,1.72
